bot_id,name,description,total_trades,wins,losses,win_rate,initial_bankroll,final_bankroll,total_profit,roi,total_wagered,total_fees,max_win_streak,max_loss_streak
s1_fixed_min_2,Fixed Minute 2,Only bets at minute 2 (12 min left). Persistence: 62.6%,17,11,6,64.70588235294117,1000,1041.2033700000004,41.203370000000405,4.12033700000004,170,5.7966299999999995,5,2
s1_fixed_min_1,Fixed Minute 1,Only bets at minute 1 (13 min left). Persistence: 58.7%,18,11,7,61.111111111111114,1000,1022.9363619999999,22.936361999999917,2.293636199999992,180,6.063637999999999,4,3
s3_sentiment_always_favorite,Always Favorite,Always bets the favored side regardless of time or odds,23,15,8,65.21739130434783,1000,1014.6977250000001,14.697725000000105,1.4697725000000104,230,6.302275000000002,5,4
s2_dynamic_wait2_edge25,"Dynamic Wait 2m, Edge 25%","Waits 2 min, then enters when edge >= 25%",11,6,5,54.54545454545454,1000,1013.944872,13.944872000000032,1.3944872000000033,110,4.055128,2,3
s2_dynamic_wait3_edge25,"Dynamic Wait 3m, Edge 25%","Waits 3 min, then enters when edge >= 25%",11,6,5,54.54545454545454,1000,1013.944872,13.944872000000032,1.3944872000000033,110,4.055128,2,3
s3_sentiment_odds60_wait0,Sentiment 60c (Wait 0m),"Bets WITH the favorite when YES/NO hits 60c, after 0 min",23,16,7,69.56521739130434,1000,1012.3486549999998,12.34865499999978,1.234865499999978,230,5.651345,5,3
s3_sentiment_odds55_wait0,Sentiment 55c (Wait 0m),"Bets WITH the favorite when YES/NO hits 55c, after 0 min",23,15,8,65.21739130434783,1000,1006.9066609999999,6.906660999999872,0.6906660999999872,230,6.093339000000002,5,3
s3_sentiment_odds60_wait1,Sentiment 60c (Wait 1m),"Bets WITH the favorite when YES/NO hits 60c, after 1 min",23,16,7,69.56521739130434,1000,1001.5334129999995,1.5334129999995412,0.1533412999999541,230,5.466587,5,3
s2_dynamic_wait2_edge20,"Dynamic Wait 2m, Edge 20%","Waits 2 min, then enters when edge >= 20%",13,6,7,46.15384615384615,1000,996.2428629999999,-3.757137000000057,-0.3757137000000057,130,4.757137000000001,3,3
s2_dynamic_wait3_edge20,"Dynamic Wait 3m, Edge 20%","Waits 3 min, then enters when edge >= 20%",13,6,7,46.15384615384615,1000,996.2428629999999,-3.757137000000057,-0.3757137000000057,130,4.757137000000001,3,3
s1_fixed_min_4,Fixed Minute 4,Only bets at minute 4 (10 min left). Persistence: 68.1%,11,6,5,54.54545454545454,1000,993.6692249999999,-6.330775000000131,-0.6330775000000131,110,3.330775000000001,2,2
s1_fixed_min_11,Fixed Minute 11,Only bets at minute 11 (3 min left). Persistence: 87.0%,11,7,4,63.63636363636363,1000,991.8373920000001,-8.162607999999864,-0.8162607999999862,110,2.162608,3,2
s1_fixed_min_10,Fixed Minute 10,Only bets at minute 10 (4 min left). Persistence: 84.1%,9,6,3,66.66666666666666,1000,990.012763,-9.98723700000005,-0.998723700000005,90,1.987237,3,1
s3_sentiment_odds95_wait10,Sentiment 95c (Wait 10m),"Bets WITH the favorite when YES/NO hits 95c, after 10 min",21,20,1,95.23809523809523,1000,989.5291800000001,-10.47081999999989,-1.047081999999989,210,0.47082000000000035,19,1
s3_sentiment_odds95_wait7,Sentiment 95c (Wait 7m),"Bets WITH the favorite when YES/NO hits 95c, after 7 min",22,21,1,95.45454545454545,1000,989.3848400000004,-10.615159999999605,-1.0615159999999604,220,0.6151600000000005,20,1
s2_dynamic_wait4_edge25,"Dynamic Wait 4m, Edge 25%","Waits 4 min, then enters when edge >= 25%",11,5,6,45.45454545454545,1000,989.093944,-10.906056000000035,-1.0906056000000035,110,3.9060560000000004,2,3
s1_fixed_min_12,Fixed Minute 12,Only bets at minute 12 (2 min left). Persistence: 89.9%,8,4,4,50.0,1000,987.0269099999999,-12.97309000000007,-1.2973090000000072,80,1.9730900000000002,2,2
s1_fixed_min_13,Fixed Minute 13,Only bets at minute 13 (1 min left). Persistence: 93.2%,8,5,3,62.5,1000,983.604228,-16.395771999999965,-1.6395771999999964,80,1.3957720000000005,2,1
s3_sentiment_odds90_wait5,Sentiment 90c (Wait 5m),"Bets WITH the favorite when YES/NO hits 90c, after 5 min",23,20,3,86.95652173913044,1000,979.7679300000001,-20.232069999999908,-2.023206999999991,230,1.2320699999999998,13,1
s3_sentiment_odds90_wait0,Sentiment 90c (Wait 0m),"Bets WITH the favorite when YES/NO hits 90c, after 0 min",23,20,3,86.95652173913044,1000,979.71977,-20.28022999999996,-2.028022999999996,230,1.2802299999999998,13,1
s3_sentiment_odds90_wait1,Sentiment 90c (Wait 1m),"Bets WITH the favorite when YES/NO hits 90c, after 1 min",23,20,3,86.95652173913044,1000,979.71977,-20.28022999999996,-2.028022999999996,230,1.2802299999999998,13,1
s3_sentiment_odds90_wait2,Sentiment 90c (Wait 2m),"Bets WITH the favorite when YES/NO hits 90c, after 2 min",23,20,3,86.95652173913044,1000,979.71977,-20.28022999999996,-2.028022999999996,230,1.2802299999999998,13,1
s3_sentiment_odds90_wait3,Sentiment 90c (Wait 3m),"Bets WITH the favorite when YES/NO hits 90c, after 3 min",23,20,3,86.95652173913044,1000,979.71977,-20.28022999999996,-2.028022999999996,230,1.2802299999999998,13,1
s2_dynamic_wait2_edge30,"Dynamic Wait 2m, Edge 30%","Waits 2 min, then enters when edge >= 30%",9,3,6,33.33333333333333,1000,979.4191219999998,-20.58087800000021,-2.0580878000000213,90,3.580878,1,3
s2_dynamic_wait3_edge30,"Dynamic Wait 3m, Edge 30%","Waits 3 min, then enters when edge >= 30%",9,3,6,33.33333333333333,1000,979.4191219999998,-20.58087800000021,-2.0580878000000213,90,3.580878,1,3
s2_dynamic_wait4_edge30,"Dynamic Wait 4m, Edge 30%","Waits 4 min, then enters when edge >= 30%",9,3,6,33.33333333333333,1000,979.4191219999998,-20.58087800000021,-2.0580878000000213,90,3.580878,1,3
s3_sentiment_odds95_wait0,Sentiment 95c (Wait 0m),"Bets WITH the favorite when YES/NO hits 95c, after 0 min",22,20,2,90.9090909090909,1000,979.3984200000004,-20.601579999999558,-2.0601579999999555,220,0.6015800000000006,14,1
s3_sentiment_odds95_wait1,Sentiment 95c (Wait 1m),"Bets WITH the favorite when YES/NO hits 95c, after 1 min",22,20,2,90.9090909090909,1000,979.3984200000004,-20.601579999999558,-2.0601579999999555,220,0.6015800000000006,14,1
s3_sentiment_odds95_wait2,Sentiment 95c (Wait 2m),"Bets WITH the favorite when YES/NO hits 95c, after 2 min",22,20,2,90.9090909090909,1000,979.3984200000004,-20.601579999999558,-2.0601579999999555,220,0.6015800000000006,14,1
s3_sentiment_odds95_wait3,Sentiment 95c (Wait 3m),"Bets WITH the favorite when YES/NO hits 95c, after 3 min",22,20,2,90.9090909090909,1000,979.3984200000004,-20.601579999999558,-2.0601579999999555,220,0.6015800000000006,14,1
s3_sentiment_odds95_wait5,Sentiment 95c (Wait 5m),"Bets WITH the favorite when YES/NO hits 95c, after 5 min",22,20,2,90.9090909090909,1000,979.3721000000005,-20.6278999999995,-2.06278999999995,220,0.6279000000000006,14,1
s1_fixed_min_9,Fixed Minute 9,Only bets at minute 9 (5 min left). Persistence: 81.4%,9,5,4,55.55555555555556,1000,978.758551,-21.24144899999999,-2.124144899999999,90,2.2414490000000002,3,3
s3_sentiment_odds65_wait0,Sentiment 65c (Wait 0m),"Bets WITH the favorite when YES/NO hits 65c, after 0 min",23,15,8,65.21739130434783,1000,977.1330750000002,-22.86692499999981,-2.286692499999981,230,4.866925000000001,5,3
s3_sentiment_odds55_wait1,Sentiment 55c (Wait 1m),"Bets WITH the favorite when YES/NO hits 55c, after 1 min",23,14,9,60.86956521739131,1000,977.0249399999997,-22.975060000000326,-2.2975060000000322,230,5.975059999999999,5,3
s3_sentiment_odds90_wait7,Sentiment 90c (Wait 7m),"Bets WITH the favorite when YES/NO hits 90c, after 7 min",23,20,3,86.95652173913044,1000,975.83835,-24.16165000000001,-2.4161650000000012,230,1.1616499999999998,13,1
s2_dynamic_wait5_edge25,"Dynamic Wait 5m, Edge 25%","Waits 5 min, then enters when edge >= 25%",10,4,6,40.0,1000,974.510269,-25.489731000000006,-2.5489731000000004,100,3.489731000000001,2,4
s1_fixed_min_7,Fixed Minute 7,Only bets at minute 7 (7 min left). Persistence: 76.7%,9,4,5,44.44444444444444,1000,973.648105,-26.351895000000013,-2.6351895000000014,90,2.3518950000000003,2,3
s3_sentiment_odds55_wait2,Sentiment 55c (Wait 2m),"Bets WITH the favorite when YES/NO hits 55c, after 2 min",23,14,9,60.86956521739131,1000,973.4472079999994,-26.552792000000636,-2.655279200000064,230,5.552792,5,2
s2_dynamic_wait2_edge40,"Dynamic Wait 2m, Edge 40%","Waits 2 min, then enters when edge >= 40%",7,2,5,28.57142857142857,1000,972.9635189999998,-27.036481000000208,-2.703648100000021,70,3.036481,2,5
s2_dynamic_wait3_edge40,"Dynamic Wait 3m, Edge 40%","Waits 3 min, then enters when edge >= 40%",7,2,5,28.57142857142857,1000,972.9635189999998,-27.036481000000208,-2.703648100000021,70,3.036481,2,5
s2_dynamic_wait4_edge40,"Dynamic Wait 4m, Edge 40%","Waits 4 min, then enters when edge >= 40%",7,2,5,28.57142857142857,1000,972.9635189999998,-27.036481000000208,-2.703648100000021,70,3.036481,2,5
s2_dynamic_wait5_edge40,"Dynamic Wait 5m, Edge 40%","Waits 5 min, then enters when edge >= 40%",7,2,5,28.57142857142857,1000,972.9635189999998,-27.036481000000208,-2.703648100000021,70,3.036481,2,5
s3_sentiment_odds55_wait10,Sentiment 55c (Wait 10m),"Bets WITH the favorite when YES/NO hits 55c, after 10 min",22,17,5,77.27272727272727,1000,972.8702220000001,-27.129777999999874,-2.7129777999999876,220,2.1297780000000004,5,1
s3_sentiment_odds90_wait10,Sentiment 90c (Wait 10m),"Bets WITH the favorite when YES/NO hits 90c, after 10 min",22,19,3,86.36363636363636,1000,972.1903100000001,-27.809689999999932,-2.780968999999993,220,0.8096900000000004,12,1
s2_dynamic_wait4_edge20,"Dynamic Wait 4m, Edge 20%","Waits 4 min, then enters when edge >= 20%",13,5,8,38.46153846153847,1000,971.391935,-28.60806500000001,-2.8608065000000007,130,4.608065000000001,2,4
s3_sentiment_odds60_wait3,Sentiment 60c (Wait 3m),"Bets WITH the favorite when YES/NO hits 60c, after 3 min",23,15,8,65.21739130434783,1000,971.1288049999996,-28.871195000000398,-2.88711950000004,230,4.871195,5,4
s3_sentiment_odds60_wait10,Sentiment 60c (Wait 10m),"Bets WITH the favorite when YES/NO hits 60c, after 10 min",22,17,5,77.27272727272727,1000,971.0177050000001,-28.982294999999908,-2.898229499999991,220,1.982295,5,1
s3_sentiment_odds85_wait7,Sentiment 85c (Wait 7m),"Bets WITH the favorite when YES/NO hits 85c, after 7 min",23,19,4,82.6086956521739,1000,969.4129460000001,-30.587053999999853,-3.0587053999999854,230,1.5870540000000002,8,1
s3_sentiment_odds65_wait10,Sentiment 65c (Wait 10m),"Bets WITH the favorite when YES/NO hits 65c, after 10 min",22,17,5,77.27272727272727,1000,969.0683290000001,-30.931670999999938,-3.093167099999994,220,1.9316710000000001,5,1
s3_sentiment_odds70_wait10,Sentiment 70c (Wait 10m),"Bets WITH the favorite when YES/NO hits 70c, after 10 min",22,17,5,77.27272727272727,1000,968.1096150000002,-31.89038499999981,-3.1890384999999815,220,1.890385,5,1
s3_sentiment_odds60_wait2,Sentiment 60c (Wait 2m),"Bets WITH the favorite when YES/NO hits 60c, after 2 min",23,14,9,60.86956521739131,1000,967.6883929999993,-32.31160700000066,-3.2311607000000664,230,5.3116069999999995,5,4
s3_sentiment_odds75_wait0,Sentiment 75c (Wait 0m),"Bets WITH the favorite when YES/NO hits 75c, after 0 min",23,16,7,69.56521739130434,1000,967.5800660000003,-32.41993399999967,-3.2419933999999673,230,3.4199340000000005,5,3
s3_sentiment_odds70_wait0,Sentiment 70c (Wait 0m),"Bets WITH the favorite when YES/NO hits 70c, after 0 min",23,15,8,65.21739130434783,1000,965.8481320000006,-34.151867999999354,-3.4151867999999355,230,4.151868,5,3
s3_sentiment_odds70_wait1,Sentiment 70c (Wait 1m),"Bets WITH the favorite when YES/NO hits 70c, after 1 min",23,15,8,65.21739130434783,1000,965.7939660000006,-34.20603399999936,-3.4206033999999366,230,4.206034000000001,5,3
s1_fixed_min_3,Fixed Minute 3,Only bets at minute 3 (11 min left). Persistence: 65.6%,14,6,8,42.857142857142854,1000,965.743706,-34.256294000000025,-3.4256294000000027,140,4.256294000000001,2,4
s3_sentiment_odds85_wait10,Sentiment 85c (Wait 10m),"Bets WITH the favorite when YES/NO hits 85c, after 10 min",22,18,4,81.81818181818183,1000,964.978952,-35.02104799999995,-3.5021047999999952,220,1.0210480000000002,8,1
s3_sentiment_odds80_wait7,Sentiment 80c (Wait 7m),"Bets WITH the favorite when YES/NO hits 80c, after 7 min",23,18,5,78.26086956521739,1000,964.0116640000002,-35.98833599999978,-3.598833599999977,230,1.9883359999999997,5,1
s2_dynamic_wait4_edge10,"Dynamic Wait 4m, Edge 10%","Waits 4 min, then enters when edge >= 10%",16,7,9,43.75,1000,964.0002289999998,-35.99977100000024,-3.5999771000000234,160,4.999771,2,4
s3_sentiment_odds75_wait3,Sentiment 75c (Wait 3m),"Bets WITH the favorite when YES/NO hits 75c, after 3 min",23,16,7,69.56521739130434,1000,963.6874180000002,-36.31258199999979,-3.6312581999999796,230,3.3125819999999995,5,3
s2_dynamic_wait4_edge12,"Dynamic Wait 4m, Edge 12%","Waits 4 min, then enters when edge >= 12%",16,7,9,43.75,1000,963.0069419999998,-36.99305800000025,-3.6993058000000243,160,4.9930579999999996,2,4
s1_fixed_min_8,Fixed Minute 8,Only bets at minute 8 (6 min left). Persistence: 79.2%,8,3,5,37.5,1000,962.899482,-37.100517999999965,-3.7100517999999965,80,2.100518,1,4
s2_dynamic_wait5_edge30,"Dynamic Wait 5m, Edge 30%","Waits 5 min, then enters when edge >= 30%",8,2,6,25.0,1000,962.8596809999998,-37.140319000000204,-3.7140319000000206,80,3.1403190000000003,1,5
s1_fixed_min_5,Fixed Minute 5,Only bets at minute 5 (9 min left). Persistence: 71.3%,12,5,7,41.66666666666667,1000,962.8055709999998,-37.19442900000024,-3.719442900000024,120,3.1944290000000004,2,3
s3_sentiment_odds85_wait5,Sentiment 85c (Wait 5m),"Bets WITH the favorite when YES/NO hits 85c, after 5 min",23,18,5,78.26086956521739,1000,962.2941700000001,-37.70582999999988,-3.770582999999988,230,1.7058300000000002,8,1
s2_dynamic_wait4_edge5,"Dynamic Wait 4m, Edge 5%","Waits 4 min, then enters when edge >= 5%",16,7,9,43.75,1000,962.0985719999998,-37.90142800000024,-3.790142800000024,160,4.901428000000001,2,4
s3_sentiment_odds75_wait10,Sentiment 75c (Wait 10m),"Bets WITH the favorite when YES/NO hits 75c, after 10 min",22,17,5,77.27272727272727,1000,961.4417720000001,-38.55822799999987,-3.8558227999999874,220,1.558228,5,1
s2_dynamic_wait4_edge15,"Dynamic Wait 4m, Edge 15%","Waits 4 min, then enters when edge >= 15%",15,6,9,40.0,1000,961.1458989999999,-38.85410100000013,-3.8854101000000125,150,4.854101,2,4
s3_sentiment_odds80_wait10,Sentiment 80c (Wait 10m),"Bets WITH the favorite when YES/NO hits 80c, after 10 min",22,17,5,77.27272727272727,1000,960.5571530000001,-39.442846999999915,-3.9442846999999914,220,1.4428469999999998,5,1
s3_sentiment_odds65_wait1,Sentiment 65c (Wait 1m),"Bets WITH the favorite when YES/NO hits 65c, after 1 min",23,14,9,60.86956521739131,1000,957.2710520000003,-42.72894799999972,-4.272894799999972,230,4.728948000000001,4,4
s3_sentiment_odds80_wait3,Sentiment 80c (Wait 3m),"Bets WITH the favorite when YES/NO hits 80c, after 3 min",23,16,7,69.56521739130434,1000,957.2576660000002,-42.7423339999998,-4.2742333999999795,230,2.7423339999999996,5,3
s3_sentiment_odds75_wait5,Sentiment 75c (Wait 5m),"Bets WITH the favorite when YES/NO hits 75c, after 5 min",23,16,7,69.56521739130434,1000,957.1605200000004,-42.83947999999964,-4.283947999999964,230,2.8394800000000004,5,3
s3_sentiment_odds70_wait3,Sentiment 70c (Wait 3m),"Bets WITH the favorite when YES/NO hits 70c, after 3 min",23,15,8,65.21739130434783,1000,957.1414670000004,-42.858532999999625,-4.285853299999962,230,3.858533,5,3
s2_dynamic_wait3_edge5,"Dynamic Wait 3m, Edge 5%","Waits 3 min, then enters when edge >= 5%",16,7,9,43.75,1000,956.278339,-43.72166100000004,-4.372166100000004,160,4.721661,2,3
s3_sentiment_odds75_wait1,Sentiment 75c (Wait 1m),"Bets WITH the favorite when YES/NO hits 75c, after 1 min",23,15,8,65.21739130434783,1000,955.5363650000004,-44.46363499999961,-4.446363499999961,230,3.463635,5,3
s3_sentiment_odds85_wait0,Sentiment 85c (Wait 0m),"Bets WITH the favorite when YES/NO hits 85c, after 0 min",23,17,6,73.91304347826086,1000,954.0499679999999,-45.95003200000008,-4.595003200000008,230,1.9500320000000002,5,1
s3_sentiment_odds85_wait1,Sentiment 85c (Wait 1m),"Bets WITH the favorite when YES/NO hits 85c, after 1 min",23,17,6,73.91304347826086,1000,954.0499679999999,-45.95003200000008,-4.595003200000008,230,1.9500320000000002,5,1
s3_sentiment_odds85_wait2,Sentiment 85c (Wait 2m),"Bets WITH the favorite when YES/NO hits 85c, after 2 min",23,17,6,73.91304347826086,1000,954.0499679999999,-45.95003200000008,-4.595003200000008,230,1.9500320000000002,5,1
s3_sentiment_odds85_wait3,Sentiment 85c (Wait 3m),"Bets WITH the favorite when YES/NO hits 85c, after 3 min",23,17,6,73.91304347826086,1000,954.044501,-45.95549900000003,-4.5955499000000035,230,1.9554990000000003,5,1
s3_sentiment_odds75_wait7,Sentiment 75c (Wait 7m),"Bets WITH the favorite when YES/NO hits 75c, after 7 min",23,17,6,73.91304347826086,1000,953.7957770000002,-46.20422299999984,-4.620422299999984,230,2.204223,5,1
s3_sentiment_odds75_wait2,Sentiment 75c (Wait 2m),"Bets WITH the favorite when YES/NO hits 75c, after 2 min",23,15,8,65.21739130434783,1000,953.5987560000002,-46.40124399999979,-4.640124399999979,230,3.4012439999999993,5,3
s3_sentiment_odds65_wait5,Sentiment 65c (Wait 5m),"Bets WITH the favorite when YES/NO hits 65c, after 5 min",23,15,8,65.21739130434783,1000,952.4948900000002,-47.50510999999983,-4.750510999999983,230,3.505110000000001,5,3
s3_sentiment_odds80_wait5,Sentiment 80c (Wait 5m),"Bets WITH the favorite when YES/NO hits 80c, after 5 min",23,16,7,69.56521739130434,1000,951.5921890000003,-48.4078109999997,-4.84078109999997,230,2.4078109999999997,5,3
s2_dynamic_wait2_edge12,"Dynamic Wait 2m, Edge 12%","Waits 2 min, then enters when edge >= 12%",16,6,10,37.5,1000,950.5684689999998,-49.43153100000018,-4.943153100000018,160,5.431531,2,5
s3_sentiment_odds70_wait5,Sentiment 70c (Wait 5m),"Bets WITH the favorite when YES/NO hits 70c, after 5 min",23,15,8,65.21739130434783,1000,949.8645530000005,-50.135446999999544,-5.0135446999999544,230,3.135447,5,3
s3_sentiment_odds65_wait3,Sentiment 65c (Wait 3m),"Bets WITH the favorite when YES/NO hits 65c, after 3 min",23,14,9,60.86956521739131,1000,949.6362,-50.36379999999997,-5.036379999999998,230,4.3637999999999995,5,4
s3_sentiment_odds70_wait2,Sentiment 70c (Wait 2m),"Bets WITH the favorite when YES/NO hits 70c, after 2 min",23,14,9,60.86956521739131,1000,948.9633170000004,-51.036682999999584,-5.103668299999958,230,4.036683,5,3
s2_dynamic_wait2_edge15,"Dynamic Wait 2m, Edge 15%","Waits 2 min, then enters when edge >= 15%",15,5,10,33.33333333333333,1000,948.7976839999998,-51.20231600000022,-5.1202316000000225,150,5.202316000000001,1,5
s3_sentiment_odds70_wait7,Sentiment 70c (Wait 7m),"Bets WITH the favorite when YES/NO hits 70c, after 7 min",23,16,7,69.56521739130434,1000,948.4051910000003,-51.594808999999714,-5.159480899999972,230,2.5948090000000006,5,3
s3_sentiment_odds55_wait3,Sentiment 55c (Wait 3m),"Bets WITH the favorite when YES/NO hits 55c, after 3 min",23,13,10,56.52173913043478,1000,947.7123959999997,-52.28760400000033,-5.2287604000000325,230,5.287604,5,4
s3_sentiment_odds55_wait5,Sentiment 55c (Wait 5m),"Bets WITH the favorite when YES/NO hits 55c, after 5 min",23,14,9,60.86956521739131,1000,946.0600359999999,-53.939964000000145,-5.393996400000015,230,3.9399640000000007,5,3
s3_sentiment_odds80_wait0,Sentiment 80c (Wait 0m),"Bets WITH the favorite when YES/NO hits 80c, after 0 min",23,15,8,65.21739130434783,1000,945.2412860000002,-54.75871399999983,-5.475871399999983,230,2.758714,5,3
s3_sentiment_odds80_wait1,Sentiment 80c (Wait 1m),"Bets WITH the favorite when YES/NO hits 80c, after 1 min",23,15,8,65.21739130434783,1000,945.2361620000001,-54.76383799999985,-5.476383799999985,230,2.763838,5,3
s3_sentiment_odds80_wait2,Sentiment 80c (Wait 2m),"Bets WITH the favorite when YES/NO hits 80c, after 2 min",23,15,8,65.21739130434783,1000,945.220622,-54.77937799999995,-5.477937799999995,230,2.7793779999999995,5,3
s3_sentiment_odds65_wait2,Sentiment 65c (Wait 2m),"Bets WITH the favorite when YES/NO hits 65c, after 2 min",23,13,10,56.52173913043478,1000,944.3481989999999,-55.65180100000009,-5.565180100000009,230,4.651801,5,4
s3_sentiment_odds55_wait7,Sentiment 55c (Wait 7m),"Bets WITH the favorite when YES/NO hits 55c, after 7 min",23,15,8,65.21739130434783,1000,943.9186070000001,-56.081392999999935,-5.608139299999994,230,3.0813930000000016,5,3
s1_fixed_min_6,Fixed Minute 6,Only bets at minute 6 (8 min left). Persistence: 74.1%,13,5,8,38.46153846153847,1000,943.3018859999997,-56.69811400000026,-5.669811400000026,130,3.698114000000001,1,4
s2_dynamic_wait2_edge5,"Dynamic Wait 2m, Edge 5%","Waits 2 min, then enters when edge >= 5%",17,7,10,41.17647058823529,1000,942.8699099999999,-57.13009000000011,-5.713009000000011,170,5.130090000000001,2,2
s2_dynamic_wait3_edge10,"Dynamic Wait 3m, Edge 10%","Waits 3 min, then enters when edge >= 10%",16,6,10,37.5,1000,941.8843369999998,-58.115663000000154,-5.811566300000016,160,5.1156630000000005,1,3
s3_sentiment_odds60_wait5,Sentiment 60c (Wait 5m),"Bets WITH the favorite when YES/NO hits 60c, after 5 min",23,14,9,60.86956521739131,1000,941.2916379999999,-58.70836200000008,-5.870836200000007,230,3.7083620000000006,5,3
s3_sentiment_odds60_wait7,Sentiment 60c (Wait 7m),"Bets WITH the favorite when YES/NO hits 60c, after 7 min",23,15,8,65.21739130434783,1000,941.042157,-58.957843000000025,-5.8957843000000025,230,2.9578430000000013,5,3
s3_sentiment_odds65_wait7,Sentiment 65c (Wait 7m),"Bets WITH the favorite when YES/NO hits 65c, after 7 min",23,15,8,65.21739130434783,1000,938.1693540000001,-61.83064599999989,-6.183064599999988,230,2.830646000000001,5,3
s2_dynamic_wait5_edge20,"Dynamic Wait 5m, Edge 20%","Waits 5 min, then enters when edge >= 20%",12,3,9,25.0,1000,934.944921,-65.05507899999998,-6.505507899999998,120,4.055079000000001,2,5
s2_dynamic_wait5_edge10,"Dynamic Wait 5m, Edge 10%","Waits 5 min, then enters when edge >= 10%",16,6,10,37.5,1000,931.5102699999997,-68.48973000000035,-6.848973000000035,160,4.48973,2,5
s2_dynamic_wait5_edge12,"Dynamic Wait 5m, Edge 12%","Waits 5 min, then enters when edge >= 12%",16,6,10,37.5,1000,931.3861459999997,-68.61385400000029,-6.861385400000029,160,4.613854000000001,2,5
s2_dynamic_wait5_edge5,"Dynamic Wait 5m, Edge 5%","Waits 5 min, then enters when edge >= 5%",16,6,10,37.5,1000,929.6857949999995,-70.31420500000047,-7.031420500000047,160,4.314205,2,5
s2_dynamic_scaled_wait3,Dynamic Scaled (Wait 3m),"Waits 3 min, scales bet size with edge (more edge = bigger bet)",16,7,9,43.75,1000,928.9808860000002,-71.01911399999983,-7.101911399999983,244.67999999999995,8.339114000000002,2,3
s2_dynamic_wait2_edge10,"Dynamic Wait 2m, Edge 10%","Waits 2 min, then enters when edge >= 10%",16,5,11,31.25,1000,927.710919,-72.28908100000001,-7.228908100000001,160,5.2890809999999995,2,5
s2_dynamic_wait5_edge15,"Dynamic Wait 5m, Edge 15%","Waits 5 min, then enters when edge >= 15%",14,4,10,28.57142857142857,1000,925.7071309999998,-74.29286900000022,-7.429286900000022,140,4.2928690000000005,1,5
s2_dynamic_wait3_edge15,"Dynamic Wait 3m, Edge 15%","Waits 3 min, then enters when edge >= 15%",15,4,11,26.666666666666668,1000,923.8781769999999,-76.12182300000006,-7.612182300000006,150,5.121823000000001,1,6
s2_dynamic_wait3_edge12,"Dynamic Wait 3m, Edge 12%","Waits 3 min, then enters when edge >= 12%",16,5,11,31.25,1000,923.7496150000001,-76.25038499999994,-7.625038499999993,160,5.2503850000000005,1,5
s2_dynamic_scaled_wait5,Dynamic Scaled (Wait 5m),"Waits 5 min, scales bet size with edge",16,6,10,37.5,1000,829.1811120000001,-170.8188879999999,-17.081888799999987,324.76,10.058888000000001,2,5
